src,count
2020-05,74
2020-06,70
2020-07,137
2020-08,176
2020-09,438
2020-10,1223
2020-11,1554
2020-12,4616
2021-01,2977
2021-02,4188
2021-03,3336
2021-04,4659
2021-05,5115
2021-06,6316
2021-07,9573
2021-08,7471
2021-09,9248
2021-10,8065
2021-11,9373
2021-12,10845
2022-01,10446
2022-02,17258
2022-03,15049
2022-04,21586
2022-05,23184
2022-06,22797
2022-07,38691
2022-08,18013
2022-09,18307
2022-10,16689
2022-11,18913
2022-12,68880
2023-01,160883
2023-02,81863
2023-03,12980
2023-04,9304
2023-05,8398
2023-06,9363
2023-07,9558
2023-08,1463
